School,GP,W,L,WPct,SRS,SOS,Con_W,Con_L,Hm_W,Hm_L,Aw_W,Aw_L,Pts_For,Pts_Ag,MP,FGM,FGA,FG_Pct,PM_3,PA_3,Pct_3,FTM,FTA,FT_Pct,ORB,TRB,AST,STL,BLK,TOV,PF
Abilene Christian,17,10,7,0.588,-4.93,0.64,2,2,6,1,3,5,1247,1215,680,445,965,0.461,103,309,0.333,254,354,0.718,207,557,243,163,55,244,354
Air Force,17,3,14,0.176,-12.42,1.17,0,6,3,8,0,5,1054,1285,680,367,845,0.434,99,337,0.294,221,348,0.635,131,516,199,106,51,253,291
Akron,17,13,4,0.765,11.13,-1.14,4,1,9,0,2,2,1581,1288,680,586,1128,0.52,182,489,0.372,227,297,0.764,200,651,345,144,58,183,276
Alabama,17,12,5,0.706,23.63,12.57,2,2,6,2,2,1,1593,1405,680,530,1155,0.459,217,615,0.353,316,415,0.761,224,723,285,115,107,166,345
Alabama A&M,17,9,8,0.529,-12.41,-6.56,2,2,8,2,1,5,1200,1222,680,400,948,0.422,105,334,0.314,295,406,0.727,175,620,193,98,48,205,323
Alabama State,17,5,12,0.294,-13.43,-3.12,2,2,2,1,2,10,1279,1388,680,442,1042,0.424,128,383,0.334,267,380,0.703,217,607,215,148,62,226,313
Albany (NY),17,5,12,0.294,-13.88,-1.6,1,1,3,1,1,8,1266,1298,680,491,1044,0.47,126,385,0.327,158,252,0.627,202,596,253,121,65,212,300
Alcorn State,15,2,13,0.133,-21.47,1.66,1,2,0,0,1,13,980,1327,597,363,882,0.412,113,307,0.368,141,218,0.647,150,440,161,115,57,237,273
American,18,10,8,0.556,-5.56,-2.43,3,2,9,2,1,6,1380,1305,720,489,1080,0.453,163,489,0.333,239,317,0.754,173,581,252,149,26,198,342
Appalachian State,18,10,8,0.556,-6.76,-4.82,3,3,5,2,4,6,1304,1201,725,466,1043,0.447,138,448,0.308,234,383,0.611,225,704,228,88,63,183,294
Arizona,17,17,0,1,28.79,6.62,4,0,10,0,3,0,1547,1170,680,553,1064,0.52,109,294,0.371,332,449,0.739,231,742,323,148,77,203,282
Arizona State,17,10,7,0.588,9.93,8.52,1,3,5,3,1,3,1374,1350,680,465,1014,0.459,131,390,0.336,313,419,0.747,182,575,241,122,77,196,313
Arkansas,17,13,4,0.765,21.15,7.39,3,1,11,0,1,2,1538,1304,680,525,1066,0.492,158,404,0.391,330,437,0.755,194,631,298,137,83,164,271
Arkansas State,17,12,5,0.706,-0.15,-1.35,4,1,7,1,5,4,1416,1326,685,477,1057,0.451,146,457,0.319,316,409,0.773,235,673,252,140,37,241,326
Arkansas-Pine Bluff,17,6,11,0.353,-14.04,2.5,3,1,4,0,2,11,1345,1478,680,476,1081,0.44,137,409,0.335,256,334,0.766,197,610,280,119,54,246,357
Army,18,7,11,0.389,-14.45,-5.7,1,4,4,5,3,5,1362,1420,740,473,1126,0.42,201,591,0.34,215,304,0.707,215,676,273,94,22,209,328
Auburn,17,10,7,0.588,17.73,10.38,1,3,7,1,0,3,1474,1349,690,493,1044,0.472,144,418,0.344,344,475,0.724,245,655,246,135,77,188,287
Austin Peay,15,10,5,0.667,-1.49,-4.19,4,0,6,0,4,5,1209,1042,600,419,943,0.444,140,403,0.347,231,325,0.711,172,557,254,171,41,162,258
Ball State,17,4,13,0.235,-12.17,-2.77,0,5,3,4,0,8,1156,1204,680,410,972,0.422,120,386,0.311,216,312,0.692,164,542,220,133,46,186,268
Baylor,16,11,5,0.688,17.07,6.27,1,3,8,2,1,2,1419,1194,640,497,1001,0.497,137,374,0.366,288,394,0.731,223,647,277,110,83,187,256
Bellarmine,16,6,10,0.375,-8.52,-0.45,1,3,4,3,1,7,1258,1293,645,444,855,0.519,125,345,0.362,245,315,0.778,94,458,239,106,24,186,255
Belmont,19,16,3,0.842,9.2,-2.08,6,2,7,2,7,1,1579,1329,765,571,1112,0.513,194,493,0.394,243,359,0.677,181,730,342,124,68,255,323
Bethune-Cookman,16,5,11,0.313,-11.04,3.62,2,1,4,1,1,8,1159,1338,645,415,938,0.442,102,299,0.341,227,330,0.688,155,527,210,120,66,210,293
Binghamton,18,4,14,0.222,-21.37,-8.37,0,3,4,5,0,8,1222,1356,730,406,900,0.451,90,303,0.297,320,429,0.746,133,574,207,98,62,241,305
Boise State,17,9,8,0.529,10.85,9.92,1,5,6,3,1,3,1304,1265,700,429,993,0.432,131,407,0.322,315,415,0.759,186,634,224,86,36,214,308
Boston College,17,7,10,0.412,0.3,0.65,0,4,6,3,1,4,1154,1160,695,396,993,0.399,128,437,0.293,234,354,0.661,195,648,188,82,86,184,284
Boston University,18,7,11,0.389,-8.88,-6.24,2,3,4,4,2,7,1383,1381,735,493,995,0.495,177,439,0.403,218,312,0.699,157,576,273,88,58,208,326
Bowling Green,17,11,6,0.647,5.08,-1.92,2,3,6,4,3,2,1496,1203,685,526,1063,0.495,126,369,0.341,318,427,0.745,186,615,273,203,54,200,313
Bradley,19,13,6,0.684,4.69,-0.76,6,2,9,1,2,3,1502,1371,780,511,1160,0.441,167,483,0.346,313,432,0.725,200,671,251,170,65,183,356
Brigham Young,17,16,1,0.941,25.1,6.34,4,0,8,0,2,0,1488,1169,680,520,1055,0.493,154,431,0.357,294,393,0.748,211,690,266,151,84,186,249
Brown,15,6,9,0.4,-9.07,-5.99,0,2,4,4,2,5,1081,982,610,399,908,0.439,122,351,0.348,161,236,0.682,173,555,236,119,66,184,256
Bryant,17,5,12,0.294,-15.78,-2.44,1,2,4,2,1,10,1070,1208,680,376,957,0.393,137,474,0.289,181,253,0.715,174,583,216,109,84,237,270
Bucknell,18,6,12,0.333,-13.31,-2.47,3,2,4,3,2,6,1163,1358,721,404,1003,0.403,140,440,0.318,215,287,0.749,174,572,225,130,40,254,321
Buffalo,17,13,4,0.765,-2.05,-7.25,3,2,6,2,5,2,1359,1236,680,444,922,0.482,161,411,0.392,310,419,0.74,161,543,247,137,43,170,276
Butler,17,10,7,0.588,13.33,6.04,1,5,7,3,0,4,1420,1296,690,491,1059,0.464,136,396,0.343,302,428,0.706,233,696,284,118,66,210,257
Cal Poly,18,7,11,0.389,-5.48,0.65,3,3,4,3,3,7,1465,1535,725,466,1108,0.421,198,583,0.34,335,439,0.763,202,702,228,117,39,283,370
Cal State Bakersfield,18,8,10,0.444,-10.72,-2.85,2,4,6,3,2,7,1320,1393,720,444,1057,0.42,91,303,0.3,341,455,0.749,222,644,198,145,93,253,359
Cal State Fullerton,18,8,10,0.444,-2.19,2.99,3,3,5,3,2,6,1561,1540,720,541,1174,0.461,164,478,0.343,315,452,0.697,188,656,302,150,44,205,343
Cal State Northridge,18,10,8,0.556,-4.64,-1.7,3,3,8,0,2,6,1456,1427,720,522,1163,0.449,136,416,0.327,276,413,0.668,242,747,304,130,44,248,327
California,18,13,5,0.722,11.45,3.8,1,4,12,2,0,3,1413,1261,720,470,1045,0.45,155,439,0.353,318,401,0.793,169,620,259,117,66,175,327
California Baptist,18,12,6,0.667,0.16,-2.78,2,3,8,0,3,5,1315,1262,725,465,1071,0.434,105,341,0.308,280,387,0.724,266,726,199,106,38,234,347
Campbell,18,9,9,0.5,-3.4,3.04,3,2,7,0,1,9,1456,1419,720,491,1075,0.457,129,398,0.324,345,485,0.711,242,670,229,122,39,242,304
Canisius,18,8,10,0.444,-17.79,-6.61,3,4,6,2,2,8,1120,1269,720,380,950,0.4,119,356,0.334,241,342,0.705,188,608,214,90,40,232,314
Central Arkansas,17,7,10,0.412,-4.23,-0.1,2,2,7,1,0,9,1323,1283,695,473,1087,0.435,178,557,0.32,199,295,0.675,197,644,271,148,24,208,266
Central Connecticut State,15,9,6,0.6,-7.54,-5.92,3,1,5,1,4,5,1166,1060,605,430,898,0.479,121,314,0.385,185,250,0.74,146,543,228,100,72,157,187
Central Michigan,18,5,13,0.278,-13.67,-0.85,1,5,4,3,0,9,1298,1438,720,482,1070,0.45,102,363,0.281,232,322,0.72,187,594,272,116,77,227,328
Charleston Southern,20,11,9,0.55,-5.02,-6.55,2,3,7,2,4,6,1690,1556,810,592,1309,0.452,246,691,0.356,260,402,0.647,248,879,350,90,96,256,433
Charlotte,18,9,9,0.5,0.18,-0.12,3,2,7,4,2,3,1336,1327,735,451,995,0.453,152,434,0.35,282,397,0.71,212,626,235,95,70,208,314
Chattanooga,18,8,10,0.444,-11.11,-5.57,2,3,5,3,3,6,1384,1307,720,476,1065,0.447,195,552,0.353,237,312,0.76,149,602,285,114,39,170,336
Chicago State,17,2,15,0.118,-15.77,2.04,0,4,1,3,1,12,1133,1395,685,396,1009,0.392,90,296,0.304,251,329,0.763,198,547,169,146,20,202,347
Cincinnati,17,9,8,0.529,11.88,4.06,1,3,9,2,0,3,1254,1121,680,444,1041,0.427,145,472,0.307,221,344,0.642,188,644,296,118,83,210,279
Clemson,18,15,3,0.833,17.67,4.84,5,0,9,0,3,2,1397,1166,725,478,1037,0.461,145,440,0.33,296,405,0.731,191,669,248,116,44,171,302
Cleveland State,18,5,13,0.278,-15.49,-2.29,1,6,4,3,0,9,1429,1529,720,477,1072,0.445,186,505,0.368,289,394,0.734,211,639,276,95,46,256,348
Coastal Carolina,19,10,9,0.526,-9.11,-5.56,3,4,4,3,5,6,1389,1376,770,487,1185,0.411,164,483,0.34,251,348,0.721,196,768,211,90,63,194,362
Colgate,18,10,8,0.556,-3.93,-1.62,4,1,3,3,4,5,1369,1327,730,515,1059,0.486,129,362,0.356,210,284,0.739,155,612,275,103,60,183,303
College of Charleston,17,11,6,0.647,-0.55,-1.61,4,0,7,2,2,2,1299,1261,680,432,975,0.443,115,400,0.288,320,436,0.734,182,639,212,95,75,182,294
Colorado,17,12,5,0.706,10.68,3.74,2,2,9,2,1,2,1436,1318,685,499,1021,0.489,116,320,0.363,322,413,0.78,186,627,275,109,66,180,294
Colorado State,17,11,6,0.647,8.58,4.2,2,4,7,3,2,2,1342,1222,680,450,898,0.501,176,439,0.401,266,345,0.771,160,569,274,92,32,198,283
Columbia,16,12,4,0.75,0.22,-5.13,1,1,7,1,5,3,1296,1118,645,478,971,0.492,132,358,0.369,208,283,0.735,211,681,273,96,53,220,262
Connecticut,18,17,1,0.944,24.37,8.43,7,0,9,1,5,0,1427,1140,725,525,1062,0.494,141,395,0.357,236,333,0.709,198,664,333,139,102,208,330
Coppin State,20,3,17,0.15,-28.82,-5.56,1,2,1,3,2,11,1298,1699,800,450,1130,0.398,129,405,0.319,269,383,0.702,213,640,245,129,57,309,364
Cornell,15,7,8,0.467,-4,-2.77,0,2,4,2,3,6,1414,1318,610,490,983,0.498,217,524,0.414,217,289,0.751,164,559,348,90,43,194,307
Creighton,18,11,7,0.611,14.27,8.89,5,2,8,2,2,3,1398,1301,725,501,1077,0.465,184,529,0.348,212,282,0.752,181,655,289,106,52,197,252
Dartmouth,15,8,7,0.533,-5.03,-2.87,2,0,4,2,4,5,1198,1117,600,403,868,0.464,166,427,0.389,226,319,0.708,153,571,229,78,59,197,234
Davidson,17,11,6,0.647,3.31,2.06,3,2,6,4,4,1,1241,1187,690,429,937,0.458,155,412,0.376,228,341,0.669,161,567,235,115,67,185,287
Dayton,17,13,4,0.765,9.15,0.74,4,0,9,1,3,1,1318,1175,690,424,941,0.451,129,399,0.323,341,452,0.754,152,560,247,166,68,188,270
Delaware,16,5,11,0.313,-8.09,-3.49,1,4,3,5,1,5,1054,1132,650,380,864,0.44,136,387,0.351,158,218,0.725,111,515,214,93,61,203,243
Delaware State,18,5,13,0.278,-21.51,-6.36,0,3,4,3,1,9,1089,1273,725,407,1039,0.392,93,294,0.316,182,271,0.672,175,562,203,160,33,240,278
Denver,20,9,11,0.45,-5.91,1.33,2,3,6,2,3,9,1686,1701,800,587,1208,0.486,173,454,0.381,339,436,0.778,209,666,230,96,43,210,347
DePaul,17,10,7,0.588,6.47,2.24,2,4,8,3,1,3,1239,1167,680,422,946,0.446,121,363,0.333,274,394,0.695,164,576,268,114,63,210,313
Detroit Mercy,16,7,9,0.438,-9.19,-3.04,4,3,4,3,3,6,1236,1253,640,429,998,0.43,101,322,0.314,277,366,0.757,223,630,207,99,49,193,330
Drake,18,9,9,0.5,0.65,0.4,3,4,4,6,3,2,1376,1288,730,478,1058,0.452,175,484,0.362,245,341,0.718,166,644,261,109,57,187,296
Drexel,18,8,10,0.444,-6.59,-5.94,2,3,7,3,1,5,1235,1212,720,442,1038,0.426,149,436,0.342,202,312,0.647,223,657,251,121,71,226,306
Duke,17,16,1,0.941,27.53,7.65,5,0,8,0,5,0,1459,1121,680,496,1002,0.495,164,474,0.346,303,428,0.708,208,685,300,141,72,197,283
Duquesne,17,9,8,0.529,1.17,-1.44,1,3,8,3,1,4,1446,1336,700,508,1033,0.492,159,455,0.349,271,381,0.711,183,627,292,128,48,239,351
East Carolina,17,5,12,0.294,-8.74,0.63,0,4,5,5,0,5,1165,1314,685,405,1003,0.404,82,315,0.26,273,397,0.688,214,628,188,111,67,229,290
East Tennessee State,18,12,6,0.667,2.46,-6.41,4,1,10,1,2,5,1407,1197,720,512,1049,0.488,138,412,0.335,245,330,0.742,179,619,267,174,67,194,296
East Texas A&M,18,7,11,0.389,-11.46,0.72,2,6,4,3,2,8,1295,1360,720,458,1060,0.432,161,494,0.326,218,317,0.688,175,611,312,139,61,260,320
Eastern Illinois,17,7,10,0.412,-10.94,-0.01,4,3,7,2,0,8,1117,1215,685,397,944,0.421,92,302,0.305,231,312,0.74,161,559,217,127,60,224,282
Eastern Kentucky,17,6,11,0.353,-8.69,-0.43,2,2,4,4,2,7,1360,1367,685,471,1111,0.424,194,574,0.338,224,310,0.723,228,636,243,122,59,201,306
Eastern Michigan,18,9,9,0.5,-2.91,-1.38,3,3,6,2,3,7,1287,1275,720,470,1048,0.448,111,329,0.337,236,333,0.709,190,658,242,111,67,213,313
Eastern Washington,16,3,13,0.188,-6.5,2.76,1,2,3,2,0,10,1221,1342,650,444,979,0.454,120,355,0.338,213,294,0.724,183,520,213,102,41,210,290
Elon,17,11,6,0.647,-0.35,-3.08,3,1,7,3,4,3,1452,1329,690,515,1073,0.48,164,461,0.356,258,361,0.715,224,638,280,120,57,180,282
Evansville,19,5,14,0.263,-5.42,4.88,1,7,3,7,1,5,1296,1400,765,450,1053,0.427,135,429,0.315,261,365,0.715,166,639,257,108,72,259,321
Fairfield,18,11,7,0.611,-7.77,-9.71,3,4,7,2,4,5,1408,1312,725,508,1172,0.433,152,434,0.35,240,328,0.732,258,726,218,107,72,173,279
FDU,17,5,12,0.294,-17.01,-3.73,2,2,4,2,1,10,1175,1237,680,401,991,0.405,157,498,0.315,216,309,0.699,211,627,216,83,33,216,306
Florida,17,12,5,0.706,23.4,8.99,3,1,8,0,1,2,1459,1214,680,510,1101,0.463,124,445,0.279,315,444,0.709,289,794,267,110,88,214,306
Florida A&M,14,5,9,0.357,-14.05,0.87,2,1,4,1,0,8,979,1140,565,344,800,0.43,99,307,0.322,192,295,0.651,135,440,172,112,44,217,272
Florida Atlantic,17,11,6,0.647,7.85,1.98,3,1,7,1,2,3,1419,1245,685,505,1076,0.469,160,461,0.347,249,335,0.743,223,681,238,109,101,210,302
Florida Gulf Coast,17,7,10,0.412,-2.84,0.16,1,3,5,5,2,5,1384,1352,690,502,1096,0.458,154,449,0.343,226,310,0.729,219,643,268,144,57,201,333
Florida International,17,9,8,0.529,-0.37,0.85,2,4,9,2,0,6,1443,1333,685,511,1093,0.468,136,384,0.354,285,419,0.68,237,665,293,171,88,214,315
Florida State,17,7,10,0.412,5.45,4.39,0,4,7,3,0,4,1413,1395,680,476,1123,0.424,189,591,0.32,272,384,0.708,232,622,259,155,62,212,340
Fordham,18,10,8,0.556,-2.34,-4.81,1,4,7,4,1,3,1307,1165,720,504,1116,0.452,126,424,0.297,173,251,0.689,244,733,280,121,39,205,262
Fresno State,17,8,9,0.471,3.3,3.17,2,4,6,5,1,4,1242,1203,680,438,978,0.448,128,401,0.319,238,317,0.751,173,602,237,130,32,238,274
Furman,18,13,5,0.722,-1.17,-3.11,4,1,8,2,4,1,1397,1255,725,508,1073,0.473,167,525,0.318,214,336,0.637,222,724,302,103,60,230,251
Gardner-Webb,19,2,17,0.105,-23.42,1.52,0,4,2,5,0,10,1328,1684,760,466,1111,0.419,135,441,0.306,261,366,0.713,170,600,200,114,50,263,343
George Mason,18,17,1,0.944,7.91,-3.03,5,0,12,0,3,1,1419,1209,720,470,964,0.488,114,315,0.362,365,493,0.74,177,651,244,98,59,180,274
George Washington,18,12,6,0.667,11.63,0.22,3,2,8,2,2,1,1567,1316,720,537,1106,0.486,179,492,0.364,314,428,0.734,230,700,294,140,64,225,336
Georgetown,17,9,8,0.529,4.9,2.13,1,5,7,3,2,3,1317,1270,695,443,1017,0.436,108,346,0.312,323,437,0.739,198,628,253,125,74,159,312
Georgia,17,14,3,0.824,21.29,1.12,2,2,10,1,2,1,1638,1295,695,554,1157,0.479,160,501,0.319,370,491,0.754,241,724,267,156,126,188,302
Georgia Southern,18,12,6,0.667,-7.13,-7.69,4,1,7,0,5,4,1506,1436,730,497,1138,0.437,174,536,0.325,338,464,0.728,206,653,213,153,69,189,356
Georgia State,18,6,12,0.333,-12.15,-2.53,3,3,4,2,2,8,1265,1347,720,408,1072,0.381,153,489,0.313,296,377,0.785,197,647,205,128,50,217,344
Georgia Tech,18,10,8,0.556,3.57,1.13,1,4,10,3,0,3,1358,1314,725,484,1078,0.449,118,331,0.356,272,388,0.701,205,708,309,122,77,246,324
Gonzaga,18,17,1,0.944,29.23,5.68,5,0,9,0,3,0,1646,1222,725,626,1189,0.526,133,360,0.369,261,373,0.7,229,772,359,153,67,190,325
Grambling,17,8,9,0.471,-9.45,-4.52,2,2,5,0,1,9,1248,1246,680,415,909,0.457,108,325,0.332,310,428,0.724,165,537,206,150,50,252,327
Grand Canyon,16,10,6,0.625,7.88,1.69,3,2,7,2,2,2,1197,1098,640,413,936,0.441,108,362,0.298,263,342,0.769,176,577,209,111,49,196,291
Green Bay,18,10,8,0.556,-5.9,-1.28,5,2,6,1,2,6,1330,1344,726,448,936,0.479,123,358,0.344,311,433,0.718,138,586,235,81,44,198,311
Hampton,18,8,10,0.444,-9.23,-6.23,2,3,5,0,2,7,1273,1225,720,441,1028,0.429,108,381,0.283,283,397,0.713,230,671,216,128,60,218,345
Harvard,16,8,8,0.5,-2.24,-3.24,1,1,4,2,4,5,1131,1087,640,418,887,0.471,118,322,0.366,177,223,0.794,132,501,220,123,49,180,217
Hawaii,15,12,3,0.8,8.61,-5.09,4,1,11,1,1,2,1193,951,600,403,861,0.468,109,343,0.318,278,387,0.718,173,606,226,98,62,198,255
High Point,20,16,4,0.8,7.18,-7.53,4,1,11,1,2,2,1860,1394,810,637,1243,0.512,188,505,0.372,398,548,0.726,234,741,347,219,71,190,364
Hofstra,17,13,4,0.765,4.17,-0.89,4,0,5,0,6,4,1310,1131,685,455,993,0.458,150,409,0.367,250,338,0.74,204,663,228,92,64,195,290
Holy Cross,18,8,10,0.444,-11.58,-3.58,3,2,5,3,2,7,1208,1290,720,430,993,0.433,122,395,0.309,226,318,0.711,144,565,201,115,24,199,269
Houston,17,16,1,0.941,23.84,5.89,4,0,9,0,2,0,1313,1008,685,476,1077,0.442,153,458,0.334,208,275,0.756,240,650,268,149,66,146,300
Houston Christian,17,5,12,0.294,-10.61,-1.88,1,7,3,3,2,8,1162,1271,685,416,932,0.446,104,347,0.3,226,337,0.671,173,549,243,112,63,215,254
Howard,18,10,8,0.556,-10.3,-7.57,1,2,5,2,2,6,1316,1255,719,448,1009,0.444,114,336,0.339,306,434,0.705,198,620,263,167,59,249,368
Idaho,16,10,6,0.625,-1.58,-1.58,2,1,6,1,3,4,1304,1176,645,436,963,0.453,178,476,0.374,254,336,0.756,183,600,222,102,34,174,288
Idaho State,17,9,8,0.529,-0.12,-0.33,2,2,5,2,3,5,1320,1253,686,448,952,0.471,144,413,0.349,280,382,0.733,198,573,219,96,75,198,290
Illinois,17,14,3,0.824,26.08,7.96,5,1,8,1,4,0,1455,1147,680,498,1045,0.477,175,501,0.349,284,354,0.802,223,710,248,67,89,167,224
Illinois State,18,12,6,0.667,7.91,-1.57,4,3,7,1,3,3,1418,1212,725,509,1058,0.481,154,433,0.356,246,364,0.676,188,664,252,110,41,193,312
Illinois-Chicago,18,8,10,0.444,-1.35,-0.48,3,4,4,3,3,6,1349,1282,730,473,1064,0.445,105,347,0.303,298,396,0.753,243,654,254,146,72,229,318
Incarnate Word,17,8,9,0.471,-2.4,0.46,3,5,7,0,0,8,1314,1209,680,468,1040,0.45,150,396,0.379,228,331,0.689,211,615,213,102,46,175,300
Indiana,17,12,5,0.706,19.09,4.79,3,3,10,1,1,3,1412,1169,680,471,981,0.48,179,496,0.361,291,373,0.78,160,608,309,97,40,185,313
Indiana State,18,9,9,0.5,-3.7,-1.2,2,5,7,2,2,6,1375,1342,740,491,1068,0.46,152,498,0.305,241,341,0.707,167,645,320,119,45,231,275
Iona,19,12,7,0.632,-4.62,-5.52,4,4,7,1,4,4,1431,1414,770,516,1155,0.447,177,499,0.355,222,317,0.7,173,675,275,135,58,230,291
Iowa,17,12,5,0.706,20.57,4.57,2,4,9,1,0,4,1338,1066,680,471,921,0.511,141,374,0.377,255,337,0.757,156,529,284,134,43,177,311
Iowa State,17,16,1,0.941,26.95,4.6,3,1,10,0,2,1,1471,1091,680,535,1049,0.51,151,375,0.403,250,365,0.685,213,629,311,163,59,178,266
IU Indy,19,4,15,0.211,-15.23,-3.46,0,8,3,4,1,10,1613,1716,760,607,1352,0.449,194,624,0.311,205,284,0.722,226,623,391,194,66,236,431
Jackson State,16,3,13,0.188,-20.73,3.2,2,1,1,1,2,10,1048,1431,640,352,924,0.381,129,414,0.312,215,282,0.762,139,481,167,104,43,237,313
Jacksonville,17,6,11,0.353,-12.71,-1.24,1,3,4,1,1,9,1239,1251,685,447,989,0.452,141,421,0.335,204,309,0.66,192,587,222,121,50,218,316
Jacksonville State,17,8,9,0.471,-5.87,-3.01,3,3,6,4,2,4,1250,1134,680,422,956,0.441,141,406,0.347,265,399,0.664,199,647,218,108,57,198,287
James Madison,17,9,8,0.529,-6.93,-4.24,2,3,6,1,2,7,1272,1301,685,436,977,0.446,148,430,0.344,252,352,0.716,184,621,225,93,83,200,341
Kansas,17,12,5,0.706,22.15,12.09,2,2,8,1,1,3,1324,1153,690,467,995,0.469,137,378,0.362,253,335,0.755,165,668,257,96,106,181,252
Kansas City,18,4,14,0.222,-14.06,1,1,3,3,5,1,9,1300,1480,720,454,1060,0.428,121,372,0.325,271,376,0.721,199,626,224,118,46,258,303
Kansas State,17,9,8,0.529,12.17,6.64,0,4,7,4,1,3,1456,1362,680,522,1111,0.47,171,471,0.363,241,335,0.719,201,629,323,120,66,216,346
Kennesaw State,17,11,6,0.647,-1.07,-2.64,3,3,8,1,2,3,1512,1308,690,509,1124,0.453,171,495,0.345,323,467,0.692,273,761,259,127,94,225,357
Kent State,17,13,4,0.765,-0.07,-2.67,4,1,9,1,2,3,1537,1391,690,515,1073,0.48,180,485,0.371,327,436,0.75,210,670,313,119,66,239,335
Kentucky,17,11,6,0.647,20.81,7.4,2,2,9,2,1,2,1413,1185,680,503,1046,0.481,144,420,0.343,263,359,0.733,198,656,298,133,74,176,287
La Salle,18,5,13,0.278,-4.9,3.92,1,4,3,3,1,7,1196,1317,720,423,1013,0.418,90,303,0.297,260,368,0.707,221,644,237,121,48,225,287
Lafayette,18,4,14,0.222,-14.27,-4.62,1,4,3,5,1,9,1255,1384,720,440,1041,0.423,145,417,0.348,230,331,0.695,166,592,239,96,44,205,311
Lamar,17,9,8,0.529,-4.28,-3.08,4,4,5,3,4,4,1196,1130,685,434,1015,0.428,116,357,0.325,212,299,0.709,217,637,245,132,84,207,306
Le Moyne,17,7,10,0.412,-10.17,-6.3,2,2,3,2,3,7,1256,1274,680,440,968,0.455,133,389,0.342,243,336,0.723,165,597,247,108,70,224,309
Lehigh,18,7,11,0.389,-11.04,-4.67,3,2,4,3,2,7,1294,1348,740,454,1024,0.443,143,420,0.34,243,339,0.717,149,576,243,131,64,230,303
Liberty,16,13,3,0.813,5.72,-0.2,5,0,8,0,4,1,1292,1084,645,471,903,0.522,172,431,0.399,178,259,0.687,103,508,287,107,65,145,232
Lindenwood,17,10,7,0.588,-7.58,-5.23,4,2,7,1,2,6,1376,1221,680,508,1081,0.47,103,336,0.307,257,383,0.671,224,691,276,151,77,222,288
Lipscomb,17,10,7,0.588,-1.9,-1.63,3,1,7,0,3,7,1387,1283,680,488,1075,0.454,191,520,0.367,220,289,0.761,170,607,323,132,49,204,273
Little Rock,17,7,10,0.412,-14.68,-4.74,4,2,3,2,4,8,1203,1309,680,450,978,0.46,105,296,0.355,198,308,0.643,194,558,247,152,67,255,261
Long Beach State,17,6,11,0.353,-6.06,2.08,2,3,6,3,0,8,1268,1310,690,476,1044,0.456,112,354,0.316,204,285,0.716,176,570,236,126,46,210,337
Long Island University,17,10,7,0.588,-4.2,-2.49,4,0,5,1,5,6,1281,1310,685,475,1004,0.473,107,296,0.361,224,349,0.642,223,612,244,135,88,246,297
Longwood,19,10,9,0.526,-11.05,-7.17,2,2,7,2,2,6,1452,1388,770,499,1081,0.462,108,365,0.296,346,457,0.757,225,695,252,164,51,266,356
Louisiana,19,4,15,0.211,-14.12,-4.65,2,5,3,6,1,9,1145,1325,760,406,1023,0.397,142,445,0.319,191,284,0.673,176,577,193,99,61,233,370
Louisiana State,17,12,5,0.706,15.62,3.33,0,4,8,2,1,2,1444,1235,685,494,990,0.499,121,356,0.34,335,433,0.774,183,660,260,103,79,193,306
Louisiana Tech,17,10,7,0.588,-6.45,-4.31,3,3,10,1,0,6,1158,1025,685,429,986,0.435,95,324,0.293,205,326,0.629,221,681,213,122,73,197,265
Louisiana-Monroe,18,3,15,0.167,-17.42,-4.73,0,6,3,5,0,9,1327,1487,730,447,1040,0.43,151,430,0.351,282,393,0.718,151,580,240,116,68,242,250
Louisville,17,12,5,0.706,23.17,6.11,2,3,9,2,1,3,1483,1193,680,493,1070,0.461,199,581,0.343,298,388,0.768,219,708,298,125,59,196,336
Loyola (IL),18,5,13,0.278,-8.2,0.25,1,4,3,7,1,2,1235,1387,720,423,992,0.426,147,472,0.311,242,354,0.684,206,614,249,70,72,231,307
Loyola (MD),18,5,13,0.278,-16.82,-8.44,1,4,3,4,1,8,1349,1397,725,473,1081,0.438,171,509,0.336,232,349,0.665,208,647,261,117,63,226,311
Loyola Marymount,20,11,9,0.55,2.52,1.57,2,5,8,4,2,4,1530,1429,815,553,1204,0.459,178,496,0.359,246,360,0.683,195,714,278,127,92,243,362
Maine,18,3,15,0.167,-16.92,-6.39,1,2,1,4,2,9,1108,1249,720,408,919,0.444,104,331,0.314,188,307,0.612,144,537,204,139,65,260,308
Manhattan,19,8,11,0.421,-15.96,-6.51,4,4,5,3,1,8,1441,1545,770,494,1140,0.433,135,401,0.337,318,406,0.783,203,639,249,148,50,208,271
Marist,16,11,5,0.688,1.46,-7.74,5,2,7,1,4,4,1157,987,640,433,960,0.451,113,353,0.32,178,228,0.781,163,593,258,129,39,184,269
Marquette,18,6,12,0.333,4.65,7.59,1,6,6,5,0,5,1337,1390,730,459,1127,0.407,141,470,0.3,278,402,0.692,229,651,264,166,52,208,315
Marshall,18,11,7,0.611,-1.79,-2.91,3,3,8,2,3,5,1433,1364,720,507,1103,0.46,179,495,0.362,240,329,0.729,211,691,309,115,94,227,371
Maryland,17,7,10,0.412,1.96,6.79,0,6,4,4,1,4,1245,1327,685,394,991,0.398,139,445,0.312,318,426,0.746,218,621,179,95,47,224,309
Maryland-Baltimore County,15,9,6,0.6,-9.73,-8.34,2,0,6,2,3,4,1121,1068,605,409,872,0.469,125,348,0.359,178,255,0.698,131,533,207,68,50,176,194
Maryland-Eastern Shore,20,7,13,0.35,-13.42,-1.53,3,0,4,1,2,12,1287,1432,815,485,1093,0.444,111,378,0.294,206,300,0.687,199,669,281,113,52,308,359
Massachusetts,18,11,7,0.611,-0.35,-4.12,2,4,7,3,1,2,1454,1339,725,520,1118,0.465,137,396,0.346,277,412,0.672,222,693,326,124,42,244,376
Massachusetts-Lowell,18,8,10,0.444,-12.89,-3.15,3,0,5,1,3,9,1387,1409,720,499,1042,0.479,109,319,0.342,280,428,0.654,213,657,240,104,56,243,274
McNeese State,17,14,3,0.824,10.56,1.5,7,1,9,0,2,3,1442,1162,680,512,1050,0.488,122,362,0.337,296,385,0.769,224,617,261,178,76,169,326
Memphis,16,8,8,0.5,7.82,7.57,3,1,7,2,1,4,1171,1167,645,414,971,0.426,113,351,0.322,230,334,0.689,214,595,224,152,68,232,324
Mercer,17,10,7,0.588,1.15,0.22,2,2,8,0,2,7,1441,1266,680,512,1104,0.464,164,469,0.35,253,348,0.727,213,658,259,158,62,185,269
Mercyhurst,17,7,10,0.412,-10.76,-5.56,2,2,5,1,2,9,1135,1133,681,439,973,0.451,97,311,0.312,160,240,0.667,154,534,243,135,71,178,304
Merrimack,18,10,8,0.556,-8.6,-4.27,6,1,5,0,4,6,1196,1274,720,388,967,0.401,141,461,0.306,279,364,0.766,150,498,217,144,83,177,314
Miami (FL),17,15,2,0.882,18.62,0.03,4,0,11,0,3,0,1492,1176,680,543,1052,0.516,122,355,0.344,282,412,0.684,218,669,310,150,55,191,291
Miami (OH),18,18,0,1,7.24,-6.83,6,0,10,0,7,0,1679,1290,725,576,1071,0.538,205,491,0.418,322,406,0.793,150,660,312,138,67,202,290
Michigan,16,15,1,0.938,36.14,11.02,5,1,7,1,4,0,1501,1099,646,528,1018,0.519,153,434,0.353,292,401,0.728,182,691,320,109,98,193,264
Michigan State,17,15,2,0.882,23.94,9.18,5,1,10,1,1,1,1343,1092,680,467,1000,0.467,130,366,0.355,279,380,0.734,232,720,323,103,79,216,273
Middle Tennessee,17,10,7,0.588,5,6.15,4,2,7,1,2,4,1271,1169,685,457,1036,0.441,164,472,0.347,193,282,0.684,194,633,242,112,78,192,301
Milwaukee,18,8,10,0.444,-5.11,-0.58,4,3,6,2,1,8,1411,1433,720,513,1149,0.446,141,435,0.324,244,358,0.682,247,677,248,110,47,183,344
Minnesota,17,10,7,0.588,9.23,2.88,3,3,9,2,1,2,1243,1135,690,417,903,0.462,129,391,0.33,280,406,0.69,173,587,315,122,50,189,277
Mississippi,17,10,7,0.588,10.42,5,2,2,7,2,1,2,1300,1208,685,453,996,0.455,134,378,0.354,260,351,0.741,182,603,248,122,85,177,322
Mississippi State,17,10,7,0.588,9.53,7.41,2,2,7,2,2,1,1362,1326,695,490,1090,0.45,134,428,0.313,248,357,0.695,213,692,217,112,79,191,275
Mississippi Valley State,18,1,17,0.056,-29.11,-1.29,0,4,1,3,0,12,1144,1581,730,410,1014,0.404,92,310,0.297,232,317,0.732,170,557,219,134,55,311,372
Missouri,17,13,4,0.765,11.3,1.3,3,1,11,0,2,3,1391,1221,680,498,966,0.516,132,361,0.366,263,396,0.664,192,617,267,129,59,217,303
Missouri State,17,10,7,0.588,-3.31,-1.16,4,2,9,2,1,5,1279,1221,680,435,972,0.448,125,411,0.304,284,419,0.678,206,608,245,124,60,195,293
Monmouth,17,8,9,0.471,-2.91,-2.66,2,2,5,2,2,6,1223,1199,690,427,982,0.435,109,316,0.345,260,351,0.741,186,612,236,128,94,198,274
Montana,17,9,8,0.529,-1.71,1.45,3,1,6,4,3,4,1362,1255,680,467,952,0.491,137,400,0.343,291,378,0.77,131,628,271,95,48,237,305
Montana State,17,9,8,0.529,1,0.78,3,1,5,1,3,7,1348,1199,685,481,1008,0.477,167,469,0.356,219,293,0.747,172,587,205,113,47,183,292
Morehead State,17,8,9,0.471,-12.69,-2.77,4,2,5,1,2,8,1294,1308,685,471,1012,0.465,108,327,0.33,244,347,0.703,215,623,246,127,49,221,303
Morgan State,17,4,13,0.235,-22.75,-6.62,1,2,4,5,0,8,1188,1369,680,400,962,0.416,100,328,0.305,288,397,0.725,190,548,211,85,43,224,373
Mount St. Mary's,18,6,12,0.333,-13.17,-4.11,2,5,4,3,2,9,1211,1334,725,426,1004,0.424,143,455,0.314,216,324,0.667,188,651,253,111,57,296,343
Murray State,18,15,3,0.833,9.71,-1.18,7,0,9,0,3,1,1583,1387,720,529,1107,0.478,189,507,0.373,336,440,0.764,220,690,283,104,71,219,335
Navy,18,12,6,0.667,-4.3,-9.05,4,1,8,1,3,4,1300,1144,720,438,970,0.452,114,338,0.337,310,419,0.74,189,665,268,128,52,217,280
NC State,17,12,5,0.706,21.71,6.41,3,1,8,2,2,1,1471,1211,685,505,1042,0.485,188,469,0.401,273,360,0.758,173,622,287,146,54,170,324
Nebraska,17,17,0,1,22.16,6.22,6,0,11,0,3,0,1389,1118,680,487,1031,0.472,186,529,0.352,229,304,0.753,160,631,311,121,44,158,235
Nevada,17,12,5,0.706,10.6,6.31,4,2,8,2,3,2,1295,1222,685,421,973,0.433,115,307,0.375,338,447,0.756,205,601,244,116,70,156,315
Nevada-Las Vegas,16,8,8,0.5,1.82,2.69,3,2,6,3,2,2,1266,1237,645,436,961,0.454,98,332,0.295,296,442,0.67,204,598,235,145,71,205,351
New Hampshire,16,4,12,0.25,-13.75,-0.25,0,3,4,2,0,10,1108,1187,645,402,970,0.414,127,399,0.318,177,257,0.689,164,575,174,99,42,188,301
New Haven,17,7,10,0.412,-14.85,-2.49,2,2,5,2,2,8,1096,1144,680,417,950,0.439,111,367,0.302,151,241,0.627,154,559,215,123,45,202,241
New Mexico,17,14,3,0.824,15.32,3.01,5,1,10,0,3,2,1373,1126,680,467,1018,0.459,160,468,0.342,279,368,0.758,178,631,248,132,53,187,293
New Mexico State,15,9,6,0.6,2.36,0.36,2,3,7,1,0,3,1144,1022,600,394,899,0.438,113,343,0.329,241,335,0.719,187,574,202,115,53,175,309
New Orleans,17,6,11,0.353,-5.73,2.15,4,4,2,2,4,9,1252,1386,685,416,965,0.431,122,366,0.333,298,394,0.756,208,633,211,90,70,247,345
Niagara,17,5,12,0.294,-19.93,-7.62,2,5,3,2,2,9,1074,1248,680,392,915,0.428,113,366,0.309,177,241,0.734,133,474,227,93,58,190,265
Nicholls State,17,8,9,0.471,-4.09,0.66,7,1,5,0,3,9,1290,1298,680,448,1008,0.444,166,462,0.359,228,352,0.648,184,531,243,167,37,203,311
NJIT,18,7,11,0.389,-18.66,-4.95,2,1,4,3,3,8,1188,1386,720,399,1041,0.383,141,457,0.309,249,347,0.718,181,618,197,108,57,238,335
Norfolk State,19,7,12,0.368,-11.97,-4.28,1,2,4,2,2,8,1402,1382,760,509,1122,0.454,107,330,0.324,277,424,0.653,228,679,229,128,56,230,365
North Alabama,15,6,9,0.4,-11.39,-2.93,1,3,3,3,3,6,1062,1134,605,371,869,0.427,101,316,0.32,219,320,0.684,170,523,157,107,62,159,230
North Carolina,17,14,3,0.824,18.94,5.47,2,2,11,0,1,2,1397,1168,680,486,1010,0.481,144,426,0.338,281,414,0.679,203,695,290,97,62,174,251
North Carolina A&T,15,7,8,0.467,-9.89,-7.66,0,4,4,3,3,4,1138,1121,600,376,843,0.446,87,285,0.305,299,425,0.704,180,596,194,89,65,195,283
North Carolina Central,18,7,11,0.389,-16.48,-0.48,3,0,5,2,2,9,1330,1400,720,453,1040,0.436,108,341,0.317,316,430,0.735,200,596,276,165,57,224,337
North Dakota,20,9,11,0.45,-11.42,-2.36,3,1,6,4,3,6,1515,1521,810,528,1232,0.429,159,497,0.32,300,437,0.686,234,679,235,188,50,215,405
North Dakota State,20,15,5,0.75,1.3,-4.58,5,0,9,0,5,4,1627,1405,815,576,1238,0.465,182,516,0.353,293,405,0.723,245,720,309,184,61,225,303
North Florida,17,2,15,0.118,-16.58,2.82,0,4,2,4,0,9,1339,1531,680,472,1076,0.439,191,553,0.345,204,264,0.773,160,534,244,101,27,229,318
North Texas,17,10,7,0.588,1.61,1.87,1,3,8,2,1,4,1186,1103,685,413,936,0.441,106,323,0.328,252,368,0.685,180,557,222,166,88,217,339
Northeastern,16,5,11,0.313,-5.58,-1.76,1,4,1,4,3,7,1223,1284,645,436,927,0.47,121,337,0.359,230,326,0.706,151,483,247,118,58,194,311
Northern Arizona,17,6,11,0.353,-8.98,0.31,0,4,6,3,0,7,1253,1270,680,461,985,0.468,123,334,0.368,208,317,0.656,154,563,233,131,51,196,297
Northern Colorado,17,11,6,0.647,-0.09,-1.02,1,3,5,2,5,3,1439,1315,695,519,1057,0.491,176,475,0.371,225,296,0.76,174,633,292,73,30,193,303
Northern Illinois,16,5,11,0.313,-13.31,-1.38,1,4,4,3,1,8,1186,1250,640,401,940,0.427,137,428,0.32,247,370,0.668,223,588,215,105,27,253,310
Northern Iowa,18,12,6,0.667,6.56,0.8,4,3,8,3,3,2,1244,1081,730,457,999,0.457,144,419,0.344,186,271,0.686,128,598,279,130,63,166,276
Northern Kentucky,19,13,6,0.684,-2.07,-4.94,5,3,9,2,4,4,1597,1427,760,562,1179,0.477,181,513,0.353,292,398,0.734,233,677,302,183,61,234,336
Northwestern,17,8,9,0.471,12.07,5.24,0,6,6,3,1,3,1334,1218,685,467,988,0.473,108,345,0.313,292,396,0.737,168,567,306,100,70,142,310
Northwestern State,17,6,11,0.353,-9.66,0.61,4,4,5,3,1,8,1230,1311,685,410,913,0.449,114,329,0.347,296,400,0.74,152,520,209,119,34,211,305
Notre Dame,17,10,7,0.588,11.32,6.2,1,3,7,3,2,2,1245,1158,685,437,958,0.456,148,402,0.368,223,322,0.693,189,646,204,73,36,206,293
Oakland,18,9,9,0.5,2.31,5.6,5,2,5,1,3,7,1514,1504,720,526,1110,0.474,129,375,0.344,333,440,0.757,191,617,281,139,59,184,285
Ohio,18,10,8,0.556,-2.38,0.99,4,2,7,3,2,3,1412,1390,725,510,1071,0.476,125,407,0.307,267,394,0.678,188,623,253,124,56,222,305
Ohio State,16,11,5,0.688,16.18,4.99,3,3,7,2,3,2,1330,1151,650,460,924,0.498,125,367,0.341,285,362,0.787,164,585,259,81,40,175,279
Oklahoma,17,11,6,0.647,11.46,1.58,1,3,8,1,1,3,1430,1262,680,498,1058,0.471,171,480,0.356,263,364,0.723,213,658,263,108,67,170,297
Oklahoma State,17,13,4,0.765,12.84,5.19,1,3,11,1,0,2,1503,1373,680,520,1074,0.484,133,379,0.351,330,438,0.753,185,662,267,123,49,221,296
Old Dominion,18,5,13,0.278,-7.72,-1.54,2,4,4,3,1,10,1321,1386,720,461,1087,0.424,137,412,0.333,262,362,0.724,179,646,222,108,59,200,342
Omaha,19,8,11,0.421,-8.43,-1.03,1,3,6,3,2,6,1460,1477,765,512,1093,0.468,171,468,0.365,265,362,0.732,179,652,269,118,44,224,305
Oral Roberts,19,5,14,0.263,-8.87,2.19,0,4,4,4,0,9,1401,1479,770,462,1091,0.423,167,513,0.326,310,415,0.747,197,634,226,131,64,266,387
Oregon,17,8,9,0.471,8.93,7.75,1,5,7,2,1,3,1282,1262,685,433,1002,0.432,151,451,0.335,265,375,0.707,228,646,258,99,75,218,273
Oregon State,20,10,10,0.5,-1.59,1.21,3,4,9,3,1,4,1426,1482,810,447,1049,0.426,172,492,0.35,360,463,0.778,163,631,267,124,80,246,377
Pacific,20,12,8,0.6,2.06,-0.1,3,4,8,0,2,8,1510,1390,805,534,1130,0.473,151,426,0.354,291,375,0.776,242,778,300,118,54,276,363
Penn State,17,9,8,0.529,7.46,5.52,0,6,7,4,1,2,1310,1277,680,472,1001,0.472,128,390,0.328,238,322,0.739,164,527,230,130,26,159,264
Pennsylvania,15,8,7,0.533,-3.51,-2.51,1,1,7,1,1,5,1177,1144,600,404,899,0.449,122,310,0.394,247,351,0.704,185,562,227,89,49,177,250
Pepperdine,20,6,14,0.3,-6.49,2.62,1,6,5,7,1,6,1391,1510,805,484,1144,0.423,132,451,0.293,291,384,0.758,221,678,275,121,46,262,290
Pittsburgh,17,8,9,0.471,9.8,5.04,1,3,6,5,1,3,1260,1179,680,452,985,0.459,142,403,0.352,214,307,0.697,196,589,227,121,57,189,294
Portland,20,9,11,0.45,-2.75,2.36,2,5,9,4,0,7,1569,1607,810,566,1197,0.473,127,422,0.301,310,423,0.733,207,702,359,118,65,279,367
Portland State,14,9,5,0.643,0.5,-1.68,3,0,5,1,4,4,1166,1021,570,427,883,0.484,110,318,0.346,202,290,0.697,179,554,243,105,65,178,300
Prairie View,17,8,9,0.471,-12.12,-2.05,3,1,6,0,1,8,1398,1343,680,474,1043,0.454,108,315,0.343,342,458,0.747,168,571,208,160,72,213,353
Presbyterian,19,9,10,0.474,-11.86,-5.55,2,2,7,1,1,9,1328,1330,760,480,1035,0.464,104,330,0.315,264,402,0.657,224,670,256,112,80,247,325
Princeton,17,6,11,0.353,-5.76,-0.82,2,0,6,1,0,6,1181,1219,685,397,946,0.42,153,453,0.338,234,325,0.72,164,582,223,88,34,205,286
Providence,17,8,9,0.471,10.61,7.02,1,5,6,3,1,3,1508,1447,700,526,1098,0.479,162,458,0.354,294,380,0.774,180,656,274,111,77,200,327
Purdue,17,16,1,0.941,27.63,9.93,6,0,10,1,3,0,1462,1161,680,544,1050,0.518,159,403,0.395,215,288,0.747,202,647,356,101,58,166,242
Purdue Fort Wayne,19,11,8,0.579,-6.66,-0.53,5,3,8,1,3,7,1521,1455,760,551,1170,0.471,187,542,0.345,232,324,0.716,155,579,278,178,69,194,287
Queens (NC),17,9,8,0.529,-3.9,-1.53,4,0,7,0,2,7,1428,1455,685,491,1037,0.473,185,516,0.359,261,360,0.725,186,582,281,86,49,197,334
Quinnipiac,18,12,6,0.667,-2.05,-3.87,5,2,7,2,5,4,1387,1296,720,506,1145,0.442,138,382,0.361,237,338,0.701,217,652,259,163,87,204,286
Radford,19,10,9,0.526,-8.82,-6.57,3,1,8,3,2,4,1554,1482,760,525,1180,0.445,187,558,0.335,317,444,0.714,230,687,267,152,73,225,359
Rhode Island,18,10,8,0.556,3.41,-1.92,1,4,6,4,2,2,1301,1205,720,453,988,0.459,136,437,0.311,259,360,0.719,196,598,209,160,67,232,321
Rice,18,8,10,0.444,-6.18,0.39,2,3,5,4,2,5,1336,1323,730,446,1067,0.418,158,443,0.357,286,411,0.696,244,681,222,136,73,221,336
Richmond,18,13,5,0.722,5.2,-3.92,3,2,9,3,3,1,1474,1291,725,495,1065,0.465,169,443,0.381,315,419,0.752,173,664,280,137,45,183,316
Rider,16,2,14,0.125,-16.93,-0.99,1,6,2,5,0,9,984,1191,640,357,914,0.391,65,257,0.253,205,296,0.693,202,594,156,80,63,206,268
Robert Morris,18,11,7,0.611,-4.8,-4.11,3,4,7,2,4,5,1379,1320,735,510,1109,0.46,148,432,0.343,211,302,0.699,258,683,313,103,40,225,361
Rutgers,17,9,8,0.529,2.04,5.45,2,4,8,3,0,3,1186,1244,691,398,986,0.404,107,338,0.317,283,394,0.718,217,615,182,111,63,184,289
Sacramento State,15,4,11,0.267,-12,2.16,0,3,4,1,0,10,1154,1242,600,381,944,0.404,116,365,0.318,276,365,0.756,172,559,188,103,62,179,293
Sacred Heart,19,6,13,0.316,-11.58,-5.86,2,6,3,4,3,9,1415,1461,765,485,1139,0.426,201,571,0.352,244,310,0.787,229,672,278,131,41,250,301
Saint Francis (PA),17,4,13,0.235,-21.14,-0.68,2,2,3,3,1,8,1168,1391,680,428,1034,0.414,132,402,0.328,180,255,0.706,173,562,231,133,41,230,304
Saint Joseph's,18,11,7,0.611,-3.55,-1.86,3,2,8,2,1,5,1342,1308,725,463,1100,0.421,135,482,0.28,281,367,0.766,233,714,275,105,88,217,269
Saint Louis,17,16,1,0.941,19.91,-1.78,4,0,12,0,3,0,1563,1135,680,552,1061,0.52,182,473,0.385,277,361,0.767,196,737,328,124,56,208,310
Saint Mary's (CA),19,17,2,0.895,16.63,3.96,6,0,11,0,4,0,1519,1237,760,509,1074,0.474,146,378,0.386,355,433,0.82,227,752,292,109,63,214,289
Saint Peter's,15,9,6,0.6,-6.34,-5.56,6,1,7,1,2,5,1081,1026,604,362,896,0.404,117,376,0.311,240,313,0.767,199,530,191,152,57,172,309
Sam Houston,17,10,7,0.588,3.61,2.18,2,4,5,1,3,6,1438,1271,680,515,1114,0.462,154,433,0.356,254,336,0.756,253,733,261,130,49,209,318
Samford,18,9,9,0.5,-8.87,-4.62,2,3,5,2,3,6,1398,1375,730,470,1084,0.434,166,503,0.33,292,438,0.667,180,675,268,83,59,165,284
San Diego,18,7,11,0.389,-2.78,2.51,2,4,6,4,1,6,1328,1389,720,472,1070,0.441,164,480,0.342,220,290,0.759,171,544,277,152,56,228,324
San Diego State,16,12,4,0.75,13.94,7.27,6,0,8,1,3,0,1311,1149,665,472,980,0.482,120,319,0.376,247,334,0.74,183,598,269,125,75,206,302
San Francisco,20,12,8,0.6,5.58,1.63,4,3,7,2,2,4,1506,1386,810,508,1154,0.44,185,538,0.344,305,438,0.696,230,768,287,109,71,223,361
San Jose State,17,6,11,0.353,-2.37,4.63,1,5,5,4,0,6,1227,1285,685,428,974,0.439,128,358,0.358,243,331,0.734,191,530,185,108,37,207,297
Santa Clara,20,15,5,0.75,15.18,4.13,6,1,10,0,3,2,1667,1427,800,614,1317,0.466,199,601,0.331,240,329,0.729,281,732,357,183,88,235,390
Seattle,18,12,6,0.667,4.47,1.53,1,4,8,2,3,3,1384,1228,725,493,1074,0.459,138,399,0.346,260,372,0.699,187,628,261,152,97,211,305
Seton Hall,17,14,3,0.824,14.67,4.49,4,2,8,2,4,0,1245,1072,680,438,997,0.439,89,283,0.314,280,378,0.741,216,624,232,168,100,184,319
Siena,18,11,7,0.611,-4.75,-9.08,4,3,4,3,5,4,1256,1178,720,458,1032,0.444,94,331,0.284,246,339,0.726,208,630,233,124,51,182,254
South Alabama,17,12,5,0.706,-6.22,-8.22,3,2,4,1,5,4,1258,1146,690,444,946,0.469,107,320,0.334,263,385,0.683,157,626,193,138,45,171,198
South Carolina,17,10,7,0.588,8.73,1.38,1,3,9,3,1,2,1346,1221,690,457,987,0.463,147,468,0.314,285,362,0.787,158,581,254,90,40,169,292
South Carolina State,18,3,15,0.167,-24.63,-3.74,2,1,2,2,1,13,1176,1517,720,413,1021,0.405,111,323,0.344,239,383,0.624,206,566,206,119,57,268,398
South Carolina Upstate,19,9,10,0.474,-8.28,-4.22,1,3,6,3,3,7,1462,1372,770,522,1159,0.45,141,412,0.342,277,404,0.686,204,716,246,124,88,226,355
South Dakota,18,9,9,0.5,-8.27,-2.07,1,2,8,2,0,7,1482,1486,730,503,1097,0.459,124,355,0.349,352,481,0.732,238,649,213,128,48,235,288
South Dakota State,19,9,10,0.474,-1.85,-0.54,2,2,6,1,2,5,1444,1379,765,512,1119,0.458,158,459,0.344,262,375,0.699,213,709,276,113,46,223,314
South Florida,17,11,6,0.647,11.18,2.99,3,1,7,1,3,2,1539,1347,695,502,1135,0.442,171,514,0.333,364,493,0.738,261,730,300,170,76,196,366
Southeast Missouri State,17,9,8,0.529,-6.2,-3.84,4,2,5,2,3,6,1322,1255,680,483,1029,0.469,109,366,0.298,247,362,0.682,172,568,233,123,58,204,344
Southeastern Louisiana,17,5,12,0.294,-7.98,-1.8,2,6,2,4,1,8,1117,1190,685,377,933,0.404,102,379,0.269,261,375,0.696,180,551,204,137,49,208,315
Southern,17,6,11,0.353,-11.17,1.76,2,2,4,1,2,10,1384,1383,690,493,1088,0.453,122,349,0.35,276,404,0.683,206,618,241,177,53,219,335
Southern California,17,14,3,0.824,12.77,6.33,3,3,7,1,3,2,1437,1295,700,481,1012,0.475,118,349,0.338,357,487,0.733,196,637,281,114,101,219,331
Southern Illinois,18,8,10,0.444,2.38,1.56,2,5,5,2,2,7,1378,1323,735,520,1105,0.471,85,310,0.274,253,383,0.661,209,700,253,146,67,233,338
SIU Edwardsville,17,10,7,0.588,-10.4,-9.68,3,3,5,4,4,3,1266,1127,685,456,1024,0.445,125,363,0.344,229,336,0.682,210,644,229,140,64,201,280
Southern Indiana,16,3,13,0.188,-16.33,-5.97,0,6,2,5,1,6,1126,1217,645,381,967,0.394,134,427,0.314,230,357,0.644,197,596,175,108,73,201,287
Southern Methodist,17,13,4,0.765,19.35,7.94,2,2,11,0,1,3,1503,1309,690,538,1074,0.501,129,361,0.357,298,386,0.772,211,657,304,135,65,203,298
Southern Mississippi,19,11,8,0.579,-5.32,-4.08,5,2,6,1,3,6,1432,1394,770,501,1092,0.459,101,341,0.296,329,449,0.733,212,712,236,143,70,250,350
Southern Utah,17,4,13,0.235,-16.23,1.2,0,4,3,2,0,11,1280,1366,680,472,1058,0.446,126,395,0.319,210,295,0.712,181,620,240,98,76,230,272
St. Bonaventure,17,11,6,0.647,2.19,-0.87,0,4,7,2,2,2,1322,1233,685,490,1049,0.467,123,333,0.369,219,288,0.76,221,615,269,128,81,198,281
St. John's (NY),17,12,5,0.706,22.44,8.85,5,1,8,2,3,0,1462,1231,680,493,1059,0.466,139,388,0.358,337,455,0.741,233,659,279,145,91,201,312
St. Thomas,18,14,4,0.778,2.19,-3.35,3,0,9,0,4,3,1484,1296,720,533,1063,0.501,158,466,0.339,260,369,0.705,127,588,309,154,43,163,284
Stanford,18,14,4,0.778,12.39,6.17,3,2,9,3,2,1,1403,1291,720,458,1053,0.435,159,454,0.35,328,453,0.724,209,625,224,148,59,196,319
Stephen F. Austin,17,14,3,0.824,5.98,-4.56,7,1,9,0,5,3,1320,1087,680,490,1092,0.449,158,446,0.354,182,285,0.639,237,688,251,118,68,166,294
Stetson,17,6,11,0.353,-16.71,-1.78,2,2,5,2,1,8,1197,1373,680,423,976,0.433,146,456,0.32,205,313,0.655,168,564,235,112,35,231,262
Stonehill,17,5,12,0.294,-16.04,-5.64,2,2,4,2,1,9,1162,1225,690,425,1005,0.423,139,402,0.346,173,252,0.687,188,658,229,76,65,241,285
Stony Brook,18,9,9,0.5,-8.69,-4.63,1,4,7,2,1,6,1234,1228,725,437,1062,0.411,158,470,0.336,202,287,0.704,190,625,235,126,67,205,284
Syracuse,17,12,5,0.706,11.71,2.71,3,1,9,2,2,0,1290,1137,685,460,969,0.475,117,356,0.329,253,403,0.628,186,610,231,115,114,194,268
Tarleton State,17,11,6,0.647,0.53,0.53,2,2,8,2,3,4,1363,1235,685,470,996,0.472,89,258,0.345,334,435,0.768,184,568,212,194,48,247,340
TCU,17,11,6,0.647,16.25,5.3,1,3,8,4,1,2,1356,1170,690,475,1039,0.457,139,405,0.343,267,371,0.72,200,620,281,130,96,192,284
Temple,17,11,6,0.647,1.15,-2.91,3,1,8,1,2,2,1291,1180,680,430,938,0.458,125,343,0.364,306,418,0.732,165,581,225,96,77,155,281
Tennessee,17,12,5,0.706,20.82,6.3,2,2,10,0,0,3,1405,1158,690,499,1035,0.482,122,353,0.346,285,412,0.692,257,730,305,139,64,226,307
Tennessee State,16,10,6,0.625,-7.47,-4.93,4,2,3,1,6,5,1287,1210,640,465,1033,0.45,98,322,0.304,259,349,0.742,213,625,215,166,51,219,305
Tennessee Tech,17,7,10,0.412,-13.09,-3.73,2,4,4,3,3,7,1290,1307,680,455,1002,0.454,124,396,0.313,256,346,0.74,179,623,235,119,56,246,297
Tennessee-Martin,17,13,4,0.765,-4.13,-7.28,5,1,7,0,5,3,1273,1105,680,427,972,0.439,138,428,0.322,281,411,0.684,238,704,236,153,78,250,292
Texas,17,11,6,0.647,16.53,5.4,2,2,8,2,1,2,1484,1265,685,496,1014,0.489,136,390,0.349,356,489,0.728,230,705,227,110,52,198,335
Texas A&M,17,13,4,0.765,16.15,1.15,3,1,10,1,2,2,1581,1326,695,525,1098,0.478,195,529,0.369,336,455,0.738,217,652,342,165,60,212,339
Texas A&M-Corpus Christi,17,9,8,0.529,-2.23,1.54,5,3,5,1,4,7,1277,1142,680,466,1035,0.45,110,326,0.337,235,352,0.668,216,661,251,143,61,216,339
Texas Southern,15,3,12,0.2,-16.51,1.26,1,3,3,4,0,8,1079,1228,606,378,866,0.436,85,276,0.308,238,338,0.704,146,504,153,100,48,230,301
Texas State,19,10,9,0.526,-10.22,-6.87,3,4,9,1,1,6,1407,1353,770,522,1117,0.467,91,281,0.324,272,369,0.737,230,700,260,178,75,265,347
Texas Tech,17,13,4,0.765,20.78,10.66,3,1,9,0,1,2,1417,1245,680,508,1086,0.468,188,497,0.378,213,309,0.689,217,658,278,109,63,175,283
Texas-Rio Grande Valley,17,6,11,0.353,-3.23,-0.03,2,6,4,4,2,7,1265,1198,680,461,1006,0.458,157,423,0.371,186,257,0.724,172,605,279,113,46,204,305
The Citadel,17,4,13,0.235,-19.22,-3.22,1,3,4,5,0,7,1191,1333,685,423,994,0.426,160,492,0.325,185,270,0.685,187,573,211,85,38,190,275
Toledo,17,10,7,0.588,-0.61,-1.08,4,1,6,3,3,3,1406,1322,680,510,1072,0.476,115,339,0.339,271,347,0.781,204,606,278,131,46,182,247
Towson,18,9,9,0.5,-2.15,0.85,1,4,5,2,1,6,1265,1227,720,471,1097,0.429,119,408,0.292,204,299,0.682,259,716,194,117,51,208,284
Troy,18,12,6,0.667,1.12,-2.63,5,1,6,1,5,4,1552,1373,760,536,1164,0.46,189,521,0.363,291,409,0.711,236,709,304,169,60,229,316
Tulane,17,12,5,0.706,-2.36,-2.11,3,1,8,3,3,0,1256,1248,685,407,939,0.433,134,417,0.321,308,402,0.766,143,538,226,143,83,178,284
Tulsa,17,14,3,0.824,11.55,-0.18,2,2,7,1,3,2,1490,1220,680,485,995,0.487,175,445,0.393,345,438,0.788,199,657,270,114,43,180,274
UAB,18,12,6,0.667,5.68,-1.33,3,2,6,4,4,2,1501,1326,735,543,1197,0.454,101,342,0.295,314,443,0.709,250,759,270,153,55,167,271
UC Davis,16,9,7,0.563,-1.22,-0.5,2,3,6,2,3,5,1296,1223,640,436,924,0.472,144,399,0.361,280,367,0.763,149,534,266,129,41,208,305
UC Irvine,18,12,6,0.667,2.7,-0.93,5,1,6,3,3,2,1403,1202,725,508,1088,0.467,108,311,0.347,279,412,0.677,211,727,298,131,114,221,291
UC Riverside,17,6,11,0.353,-10.02,1.25,1,4,3,3,3,8,1216,1319,680,426,957,0.445,123,361,0.341,241,331,0.728,163,577,214,87,70,232,301
UC San Diego,17,13,4,0.765,5.71,-0.82,3,2,5,2,4,2,1364,1211,680,483,1005,0.481,158,449,0.352,240,343,0.7,178,632,258,126,36,183,266
UC Santa Barbara,16,9,7,0.563,-1.78,-2.42,2,3,6,2,1,4,1267,1192,650,427,904,0.472,141,373,0.378,272,358,0.76,179,566,242,117,39,209,309
UCF,16,14,2,0.875,15.75,5.38,3,1,10,1,2,1,1372,1206,640,501,1023,0.49,134,354,0.379,236,326,0.724,213,629,271,92,47,184,281
UCLA,17,12,5,0.706,14.9,5.02,4,2,10,0,2,2,1333,1165,680,466,973,0.479,124,338,0.367,277,365,0.759,170,553,268,121,56,176,297
UNC Asheville,19,8,11,0.421,-5.57,-1.82,2,3,6,4,1,7,1417,1396,765,493,1061,0.465,137,373,0.367,294,423,0.695,198,668,214,109,51,252,344
UNC Greensboro,17,6,11,0.353,-11.11,-1.71,2,2,4,3,1,5,1330,1365,685,448,989,0.453,138,382,0.361,296,426,0.695,176,622,213,86,25,190,259
UNC Wilmington,18,16,2,0.889,1.57,-8.06,5,0,10,1,6,1,1409,1182,720,476,1055,0.451,136,384,0.354,321,463,0.693,249,749,246,96,50,190,293
UT Arlington,16,11,5,0.688,0.52,-0.84,3,1,6,1,5,3,1166,1040,640,409,888,0.461,89,283,0.314,259,362,0.715,194,599,212,126,61,231,303
Utah,17,8,9,0.471,5.54,6.49,0,4,7,3,0,4,1363,1379,685,476,1029,0.463,142,395,0.359,269,363,0.741,176,595,239,105,59,195,298
Utah State,16,15,1,0.938,19.89,3.03,6,0,7,0,4,1,1376,1067,645,495,938,0.528,139,360,0.386,247,341,0.724,185,582,298,159,53,187,299
Utah Tech,18,9,9,0.5,-4.69,-0.02,2,2,5,1,3,7,1405,1341,735,511,1075,0.475,138,430,0.321,245,335,0.731,179,619,263,143,55,237,303
Utah Valley,18,14,4,0.778,7.37,-0.17,4,1,9,0,2,4,1502,1216,720,561,1075,0.522,133,373,0.357,247,346,0.714,209,691,363,175,104,267,318
UTEP,16,5,11,0.313,-7.3,2.24,1,4,5,3,0,6,1117,1161,650,394,925,0.426,104,333,0.312,225,334,0.674,187,535,194,131,60,203,317
UTSA,17,4,13,0.235,-17.18,0.49,0,5,2,6,1,6,1165,1330,680,408,1060,0.385,130,455,0.286,219,326,0.672,216,645,191,122,67,212,288
Valparaiso,18,8,10,0.444,-1.13,0.81,2,5,7,3,1,7,1294,1287,725,439,1070,0.41,128,399,0.321,288,399,0.722,229,668,213,107,72,198,332
Vanderbilt,17,16,1,0.941,24.25,5.49,3,1,9,0,4,1,1552,1233,685,531,1071,0.496,177,481,0.368,313,411,0.762,184,646,313,166,89,170,336
Vermont,17,10,7,0.588,-4.32,-4.98,2,0,5,2,4,3,1302,1234,695,462,974,0.474,151,436,0.346,227,307,0.739,154,595,226,83,45,166,295
Villanova,17,14,3,0.824,17.1,7.15,5,1,7,1,5,1,1336,1167,685,478,1018,0.47,167,463,0.361,213,303,0.703,214,612,261,122,40,173,270
Virginia,17,15,2,0.882,21.69,3.99,4,1,10,0,3,1,1440,1139,695,496,1040,0.477,178,481,0.37,270,388,0.696,240,715,296,114,113,184,325
Virginia Commonwealth,18,12,6,0.667,13.51,2.34,3,2,8,2,2,2,1534,1333,720,500,1071,0.467,178,486,0.366,356,480,0.742,212,665,268,140,82,201,325
VMI,17,6,11,0.353,-17.63,-3.92,1,3,5,2,1,7,1267,1290,680,423,1056,0.401,182,567,0.321,239,332,0.72,203,624,217,136,49,183,288
Virginia Tech,18,13,5,0.722,13.35,5.35,2,3,10,1,1,2,1475,1331,750,513,1125,0.456,150,434,0.346,299,419,0.714,213,664,268,128,66,183,311
Wagner,15,6,9,0.4,-11.76,-5.84,1,3,4,3,2,6,1123,1119,615,410,908,0.452,114,327,0.349,189,270,0.7,188,594,215,84,44,206,287
Wake Forest,17,10,7,0.588,13.97,7.62,1,3,8,3,0,2,1390,1282,685,480,1057,0.454,157,460,0.341,273,360,0.758,196,588,258,161,60,209,328
Washington,17,10,7,0.588,14.99,7.52,2,4,7,2,2,4,1379,1252,690,481,1069,0.45,114,362,0.315,303,388,0.781,216,660,234,104,76,181,299
Washington State,18,8,10,0.444,2.96,4.07,3,2,5,3,1,5,1353,1367,720,470,1017,0.462,154,449,0.343,259,352,0.736,183,644,224,102,57,243,329
Weber State,17,9,8,0.529,-0.56,-1.83,3,1,6,3,3,5,1425,1275,690,511,1074,0.476,130,365,0.356,273,389,0.702,212,686,257,128,31,200,323
West Georgia,16,9,7,0.563,-11.52,-3.16,3,1,6,2,3,5,1218,1277,650,443,1020,0.434,117,336,0.348,215,297,0.724,195,597,204,108,81,189,258
West Virginia,17,11,6,0.647,11.55,1.5,2,2,11,0,0,2,1245,1074,690,420,931,0.451,149,407,0.366,256,373,0.686,180,609,229,113,51,187,255
Western Carolina,16,6,10,0.375,-10.61,1.03,2,3,5,1,1,9,1230,1280,650,450,1026,0.439,125,397,0.315,205,294,0.697,218,636,217,111,46,215,323
Western Illinois,18,4,14,0.222,-19.8,-6,0,7,3,5,1,9,1174,1323,725,413,1018,0.406,90,307,0.293,258,379,0.681,212,618,144,101,40,228,302
Western Kentucky,17,11,6,0.647,1.95,0.15,4,2,8,1,2,3,1383,1283,685,452,1091,0.414,139,417,0.333,340,459,0.741,250,714,227,144,48,177,329
Western Michigan,17,7,10,0.412,-6.76,-2.03,1,4,6,3,1,7,1299,1337,680,469,1034,0.454,120,354,0.339,241,326,0.739,197,644,242,93,43,231,335
Wichita State,17,10,7,0.588,8.63,0.32,2,2,8,2,2,2,1330,1171,695,461,1024,0.45,131,358,0.366,277,391,0.708,253,690,198,93,65,174,292
William & Mary,17,11,6,0.647,1.79,-1.08,2,3,6,0,3,6,1409,1272,680,486,1022,0.476,146,449,0.325,291,392,0.742,162,624,312,156,63,233,286
Winthrop,20,12,8,0.6,1.14,-2.97,4,1,8,1,3,7,1723,1492,805,577,1281,0.45,197,573,0.344,372,512,0.727,294,839,299,144,68,212,367
Wisconsin,17,12,5,0.706,15.87,8.1,4,2,9,1,2,1,1407,1275,685,469,1034,0.454,179,526,0.34,290,379,0.765,175,631,267,102,56,174,309
Wofford,18,11,7,0.611,-7.51,-5.83,3,2,6,2,5,5,1415,1384,720,470,1079,0.436,175,498,0.351,300,422,0.711,223,648,262,121,61,184,308
Wright State,18,11,7,0.611,1.79,-2.09,6,1,6,2,4,4,1433,1269,725,519,1053,0.493,136,369,0.369,259,362,0.715,193,628,264,146,86,215,333
Wyoming,17,11,6,0.647,10.13,1.38,2,4,9,2,1,4,1401,1237,680,482,1023,0.471,143,417,0.343,294,407,0.722,215,642,258,130,44,204,379
Xavier,18,11,7,0.611,8.22,6.44,3,4,9,3,1,3,1394,1362,720,498,1164,0.428,176,492,0.358,222,322,0.689,197,646,343,130,77,173,316
Yale,15,12,3,0.8,5.49,-1.36,1,1,4,1,4,2,1255,1084,600,439,882,0.498,126,313,0.403,251,326,0.77,162,532,246,83,47,143,243
Youngstown State,18,9,9,0.5,-3.66,-3.79,2,5,6,3,2,5,1434,1281,725,501,1083,0.463,185,527,0.351,247,347,0.712,217,658,263,144,65,238,326
